apartment_id,apartment,building,walking_min,transit_min,bicycling_min,amenity_score,pet_score,price_score,value_bonus,total_score
here,HERE Champaign,Grainger Engineering Library,11,7,3,0.9,0.0,0.2654503469054181,0.0079635104071625,0.467
here,HERE Champaign,Siebel Center for CS,16,15,5,0.9,0.0,0.2654503469054181,0.0079635104071625,0.467
here,HERE Champaign,Illini Union,10,4,3,0.9,0.0,0.2654503469054181,0.0079635104071625,0.467
here,HERE Champaign,CRCE,17,11,4,0.9,0.0,0.2654503469054181,0.0079635104071625,0.467
here,HERE Champaign,ARC,17,11,4,0.9,0.0,0.2654503469054181,0.0079635104071625,0.467
here,HERE Champaign,Main Library,14,10,4,0.9,0.0,0.2654503469054181,0.0079635104071625,0.467
here,HERE Champaign,Wohlers Hall,15,12,4,0.9,0.0,0.2654503469054181,0.0079635104071625,0.467
here,HERE Champaign,Everitt Lab,7,7,2,0.9,0.0,0.2654503469054181,0.0079635104071625,0.467
here,HERE Champaign,Loomis Lab,12,6,4,0.9,0.0,0.2654503469054181,0.0079635104071625,0.467
here,HERE Champaign,Lincoln Hall,12,9,4,0.9,0.0,0.2654503469054181,0.0079635104071625,0.467
here,HERE Champaign,Krannert Art Center,17,14,4,0.9,0.0,0.2654503469054181,0.0079635104071625,0.467
hub,Hub on Campus,Grainger Engineering Library,10,7,3,0.9,0.6,0.0316455696202531,0.0009493670886075,0.433
hub,Hub on Campus,Siebel Center for CS,15,8,4,0.9,0.6,0.0316455696202531,0.0009493670886075,0.433
hub,Hub on Campus,Illini Union,5,5,1,0.9,0.6,0.0316455696202531,0.0009493670886075,0.433
hub,Hub on Campus,CRCE,17,6,5,0.9,0.6,0.0316455696202531,0.0009493670886075,0.433
hub,Hub on Campus,ARC,17,6,5,0.9,0.6,0.0316455696202531,0.0009493670886075,0.433
hub,Hub on Campus,Main Library,6,6,2,0.9,0.6,0.0316455696202531,0.0009493670886075,0.433
hub,Hub on Campus,Wohlers Hall,7,7,2,0.9,0.6,0.0316455696202531,0.0009493670886075,0.433
hub,Hub on Campus,Everitt Lab,6,6,2,0.9,0.6,0.0316455696202531,0.0009493670886075,0.433
hub,Hub on Campus,Loomis Lab,10,7,4,0.9,0.6,0.0316455696202531,0.0009493670886075,0.433
hub,Hub on Campus,Lincoln Hall,3,3,1,0.9,0.6,0.0316455696202531,0.0009493670886075,0.433
hub,Hub on Campus,Krannert Art Center,12,6,3,0.9,0.6,0.0316455696202531,0.0009493670886075,0.433
dean,The Dean Campustown,Grainger Engineering Library,8,8,4,0.9,0.0,0.1654903050774612,0.0049647091523238,0.427
dean,The Dean Campustown,Siebel Center for CS,13,9,5,0.9,0.0,0.1654903050774612,0.0049647091523238,0.427
dean,The Dean Campustown,Illini Union,6,6,2,0.9,0.0,0.1654903050774612,0.0049647091523238,0.427
dean,The Dean Campustown,CRCE,19,8,5,0.9,0.0,0.1654903050774612,0.0049647091523238,0.427
dean,The Dean Campustown,ARC,19,8,5,0.9,0.0,0.1654903050774612,0.0049647091523238,0.427
dean,The Dean Campustown,Main Library,8,8,2,0.9,0.0,0.1654903050774612,0.0049647091523238,0.427
dean,The Dean Campustown,Wohlers Hall,10,8,2,0.9,0.0,0.1654903050774612,0.0049647091523238,0.427
dean,The Dean Campustown,Everitt Lab,4,4,3,0.9,0.0,0.1654903050774612,0.0049647091523238,0.427
dean,The Dean Campustown,Loomis Lab,9,9,4,0.9,0.0,0.1654903050774612,0.0049647091523238,0.427
dean,The Dean Campustown,Lincoln Hall,6,6,2,0.9,0.0,0.1654903050774612,0.0049647091523238,0.427
dean,The Dean Campustown,Krannert Art Center,14,8,3,0.9,0.0,0.1654903050774612,0.0049647091523238,0.427
icon,ICON Apartments,Grainger Engineering Library,10,10,3,0.8125,1.0,0.7779231575113172,0.0437581776100115,0.741
icon,ICON Apartments,Siebel Center for CS,15,15,6,0.8125,1.0,0.7779231575113172,0.0437581776100115,0.741
icon,ICON Apartments,Illini Union,13,7,4,0.8125,1.0,0.7779231575113172,0.0437581776100115,0.741
icon,ICON Apartments,CRCE,21,13,5,0.8125,1.0,0.7779231575113172,0.0437581776100115,0.741
icon,ICON Apartments,ARC,21,13,5,0.8125,1.0,0.7779231575113172,0.0437581776100115,0.741
icon,ICON Apartments,Main Library,17,14,5,0.8125,1.0,0.7779231575113172,0.0437581776100115,0.741
icon,ICON Apartments,Wohlers Hall,18,14,5,0.8125,1.0,0.7779231575113172,0.0437581776100115,0.741
icon,ICON Apartments,Everitt Lab,10,8,3,0.8125,1.0,0.7779231575113172,0.0437581776100115,0.741
icon,ICON Apartments,Loomis Lab,15,9,5,0.8125,1.0,0.7779231575113172,0.0437581776100115,0.741
icon,ICON Apartments,Lincoln Hall,15,10,5,0.8125,1.0,0.7779231575113172,0.0437581776100115,0.741
icon,ICON Apartments,Krannert Art Center,20,19,5,0.8125,1.0,0.7779231575113172,0.0437581776100115,0.741
yugo,Yugo Urbana,Grainger Engineering Library,17,14,6,0.9,0.587,0.5945351004677244,0.0178360530140317,0.658
yugo,Yugo Urbana,Siebel Center for CS,10,10,2,0.9,0.587,0.5945351004677244,0.0178360530140317,0.658
yugo,Yugo Urbana,Illini Union,20,14,6,0.9,0.587,0.5945351004677244,0.0178360530140317,0.658
yugo,Yugo Urbana,CRCE,41,19,11,0.9,0.587,0.5945351004677244,0.0178360530140317,0.658
yugo,Yugo Urbana,ARC,41,19,11,0.9,0.587,0.5945351004677244,0.0178360530140317,0.658
yugo,Yugo Urbana,Main Library,29,17,8,0.9,0.587,0.5945351004677244,0.0178360530140317,0.658
yugo,Yugo Urbana,Wohlers Hall,32,15,8,0.9,0.587,0.5945351004677244,0.0178360530140317,0.658
yugo,Yugo Urbana,Everitt Lab,19,13,5,0.9,0.587,0.5945351004677244,0.0178360530140317,0.658
yugo,Yugo Urbana,Loomis Lab,15,10,4,0.9,0.587,0.5945351004677244,0.0178360530140317,0.658
yugo,Yugo Urbana,Lincoln Hall,25,13,8,0.9,0.587,0.5945351004677244,0.0178360530140317,0.658
yugo,Yugo Urbana,Krannert Art Center,37,20,9,0.9,0.587,0.5945351004677244,0.0178360530140317,0.658
latitude,Latitude Apartments,Grainger Engineering Library,9,8,3,0.9,0.0,0.7803443381840985,0.0234103301455229,0.674
latitude,Latitude Apartments,Siebel Center for CS,10,10,3,0.9,0.0,0.7803443381840985,0.0234103301455229,0.674
latitude,Latitude Apartments,Illini Union,14,9,4,0.9,0.0,0.7803443381840985,0.0234103301455229,0.674
latitude,Latitude Apartments,CRCE,31,9,8,0.9,0.0,0.7803443381840985,0.0234103301455229,0.674
latitude,Latitude Apartments,ARC,31,9,8,0.9,0.0,0.7803443381840985,0.0234103301455229,0.674
latitude,Latitude Apartments,Main Library,19,9,6,0.9,0.0,0.7803443381840985,0.0234103301455229,0.674
latitude,Latitude Apartments,Wohlers Hall,22,9,6,0.9,0.0,0.7803443381840985,0.0234103301455229,0.674
latitude,Latitude Apartments,Everitt Lab,11,7,4,0.9,0.0,0.7803443381840985,0.0234103301455229,0.674
latitude,Latitude Apartments,Loomis Lab,15,10,6,0.9,0.0,0.7803443381840985,0.0234103301455229,0.674
latitude,Latitude Apartments,Lincoln Hall,16,10,6,0.9,0.0,0.7803443381840985,0.0234103301455229,0.674
latitude,Latitude Apartments,Krannert Art Center,26,14,7,0.9,0.0,0.7803443381840985,0.0234103301455229,0.674
tower_at_third,The Tower at Third,Grainger Engineering Library,14,10,4,0.475,0.0,0.6752895752895753,0.1063581081081081,0.471
tower_at_third,The Tower at Third,Siebel Center for CS,20,11,6,0.475,0.0,0.6752895752895753,0.1063581081081081,0.471
tower_at_third,The Tower at Third,Illini Union,12,8,3,0.475,0.0,0.6752895752895753,0.1063581081081081,0.471
tower_at_third,The Tower at Third,CRCE,15,7,4,0.475,0.0,0.6752895752895753,0.1063581081081081,0.471
tower_at_third,The Tower at Third,ARC,15,7,4,0.475,0.0,0.6752895752895753,0.1063581081081081,0.471
tower_at_third,The Tower at Third,Main Library,13,7,3,0.475,0.0,0.6752895752895753,0.1063581081081081,0.471
tower_at_third,The Tower at Third,Wohlers Hall,15,9,4,0.475,0.0,0.6752895752895753,0.1063581081081081,0.471
tower_at_third,The Tower at Third,Everitt Lab,11,9,3,0.475,0.0,0.6752895752895753,0.1063581081081081,0.471
tower_at_third,The Tower at Third,Loomis Lab,15,9,5,0.475,0.0,0.6752895752895753,0.1063581081081081,0.471
tower_at_third,The Tower at Third,Lincoln Hall,11,6,3,0.475,0.0,0.6752895752895753,0.1063581081081081,0.471
tower_at_third,The Tower at Third,Krannert Art Center,16,11,4,0.475,0.0,0.6752895752895753,0.1063581081081081,0.471
seven07,Seven07,Grainger Engineering Library,11,8,3,0.9,0.307,0.2650695641277371,0.0079520869238321,0.498
seven07,Seven07,Siebel Center for CS,17,13,5,0.9,0.307,0.2650695641277371,0.0079520869238321,0.498
seven07,Seven07,Illini Union,10,5,3,0.9,0.307,0.2650695641277371,0.0079520869238321,0.498
seven07,Seven07,CRCE,16,10,3,0.9,0.307,0.2650695641277371,0.0079520869238321,0.498
seven07,Seven07,ARC,16,10,3,0.9,0.307,0.2650695641277371,0.0079520869238321,0.498
seven07,Seven07,Main Library,12,8,3,0.9,0.307,0.2650695641277371,0.0079520869238321,0.498
seven07,Seven07,Wohlers Hall,13,11,3,0.9,0.307,0.2650695641277371,0.0079520869238321,0.498
seven07,Seven07,Everitt Lab,8,8,2,0.9,0.307,0.2650695641277371,0.0079520869238321,0.498
seven07,Seven07,Loomis Lab,12,6,4,0.9,0.307,0.2650695641277371,0.0079520869238321,0.498
seven07,Seven07,Lincoln Hall,10,8,3,0.9,0.307,0.2650695641277371,0.0079520869238321,0.498
seven07,Seven07,Krannert Art Center,15,13,4,0.9,0.307,0.2650695641277371,0.0079520869238321,0.498
octave,Octave,Grainger Engineering Library,11,9,4,0.9,0.6,0.4864760945963055,0.0145942828378891,0.616
octave,Octave,Siebel Center for CS,13,10,5,0.9,0.6,0.4864760945963055,0.0145942828378891,0.616
octave,Octave,Illini Union,16,7,5,0.9,0.6,0.4864760945963055,0.0145942828378891,0.616
octave,Octave,CRCE,25,15,7,0.9,0.6,0.4864760945963055,0.0145942828378891,0.616
octave,Octave,ARC,25,15,7,0.9,0.6,0.4864760945963055,0.0145942828378891,0.616
octave,Octave,Main Library,20,12,6,0.9,0.6,0.4864760945963055,0.0145942828378891,0.616
octave,Octave,Wohlers Hall,21,12,6,0.9,0.6,0.4864760945963055,0.0145942828378891,0.616
octave,Octave,Everitt Lab,13,8,4,0.9,0.6,0.4864760945963055,0.0145942828378891,0.616
octave,Octave,Loomis Lab,17,7,6,0.9,0.6,0.4864760945963055,0.0145942828378891,0.616
octave,Octave,Lincoln Hall,18,8,6,0.9,0.6,0.4864760945963055,0.0145942828378891,0.616
octave,Octave,Krannert Art Center,24,12,7,0.9,0.6,0.4864760945963055,0.0145942828378891,0.616
armory_75,75 Armory,Grainger Engineering Library,24,13,6,0.525,0.0,0.8927461603645975,0.1272163278519551,0.58
armory_75,75 Armory,Siebel Center for CS,30,12,8,0.525,0.0,0.8927461603645975,0.1272163278519551,0.58
armory_75,75 Armory,Illini Union,20,10,5,0.525,0.0,0.8927461603645975,0.1272163278519551,0.58
armory_75,75 Armory,CRCE,9,4,3,0.525,0.0,0.8927461603645975,0.1272163278519551,0.58
armory_75,75 Armory,ARC,9,4,3,0.525,0.0,0.8927461603645975,0.1272163278519551,0.58
armory_75,75 Armory,Main Library,12,7,3,0.525,0.0,0.8927461603645975,0.1272163278519551,0.58
armory_75,75 Armory,Wohlers Hall,14,9,4,0.525,0.0,0.8927461603645975,0.1272163278519551,0.58
armory_75,75 Armory,Everitt Lab,21,11,5,0.525,0.0,0.8927461603645975,0.1272163278519551,0.58
armory_75,75 Armory,Loomis Lab,25,11,8,0.525,0.0,0.8927461603645975,0.1272163278519551,0.58
armory_75,75 Armory,Lincoln Hall,14,7,4,0.525,0.0,0.8927461603645975,0.1272163278519551,0.58
armory_75,75 Armory,Krannert Art Center,14,7,4,0.525,0.0,0.8927461603645975,0.1272163278519551,0.58
illini_manor,Illini Manor,Grainger Engineering Library,15,9,4,0.275,0.0,1.0,0.2,0.53
illini_manor,Illini Manor,Siebel Center for CS,20,9,5,0.275,0.0,1.0,0.2,0.53
illini_manor,Illini Manor,Illini Union,10,7,2,0.275,0.0,1.0,0.2,0.53
illini_manor,Illini Manor,CRCE,12,8,3,0.275,0.0,1.0,0.2,0.53
illini_manor,Illini Manor,ARC,12,8,3,0.275,0.0,1.0,0.2,0.53
illini_manor,Illini Manor,Main Library,7,4,1,0.275,0.0,1.0,0.2,0.53
illini_manor,Illini Manor,Wohlers Hall,8,8,2,0.275,0.0,1.0,0.2,0.53
illini_manor,Illini Manor,Everitt Lab,11,8,3,0.275,0.0,1.0,0.2,0.53
illini_manor,Illini Manor,Loomis Lab,15,8,5,0.275,0.0,1.0,0.2,0.53
illini_manor,Illini Manor,Lincoln Hall,5,5,2,0.275,0.0,1.0,0.2,0.53
illini_manor,Illini Manor,Krannert Art Center,11,11,3,0.275,0.0,1.0,0.2,0.53
